UTF-8, TVPaint, "CSV 1.0"
Project Name, Width, Height, Frame Count, Layer Count, Frame Rate, Pixel Aspect Ratio, Field Mode
"Original two-layer timing study", 16, 16, 24, 2, 12.000000, 1.000000, Progressive
#Layers, "Layer A", "Layer B"
#Density, 1.000000, 1.000000
#Blending, "Color", "Color"
#Visible, 1, 1
#00000, "A.png", ""
#00001, "A.png", ""
#00002, "A.png", ""
#00003, "A.png", "X.png"
#00004, "A.png", "X.png"
#00005, "A.png", "X.png"
#00006, "B.png", "X.png"
#00007, "B.png", "X.png"
#00008, "B.png", "X.png"
#00009, "B.png", ""
#00010, "B.png", ""
#00011, "B.png", ""
#00012, "C.png", ""
#00013, "C.png", ""
#00014, "C.png", ""
#00015, "C.png", "Y.png"
#00016, "C.png", "Y.png"
#00017, "C.png", "Y.png"
#00018, "C.png", "Y.png"
#00019, "C.png", "Y.png"
#00020, "C.png", "Y.png"
#00021, "C.png", "Y.png"
#00022, "C.png", "Y.png"
#00023, "C.png", "Y.png"
